{
  "model/models.js": 1617995558237,
  "controller/CadastroPlataformas.controller.js": 1618248888861,
  "i18n/i18n.properties": 1617995558237,
  "controller/Menu.controller.js": 1618247426806,
  "controller/ConsultaPlataformas.controller.js": 1618245993590,
  "manifest.json": 1618250626477,
  "controller/BaseController.js": 1618245993578,
  "controller/App.controller.js": 1618246864318,
  "Component.js": 1617995558237,
  "manifest-bundle.zip": 1618250626244,
  "Component-preload.js": 1618250626418,
  "model/models-dbg.js": 1617995558237,
  "controller/Menu-dbg.controller.js": 1618247426806,
  "controller/ConsultaPlataformas-dbg.controller.js": 1618245993590,
  "controller/CadastroPlataformas-dbg.controller.js": 1618248888861,
  "controller/BaseController-dbg.js": 1618245993578,
  "controller/App-dbg.controller.js": 1618246864318,
  "Component-dbg.js": 1617995558237,
  "resources.json": 1618250626481,
  "view/Menu.view.xml": 1618249418216,
  "view/ConsultaPlataformas.view.xml": 1618245993582,
  "view/CadastroPlataformas.view.xml": 1618245993578,
  "view/App.view.xml": 1618246868794,
  "images/sap.png": 1618249407912,
  "css/style.css": 1617995558237,
  "index.html": 1618245993590
}